Date,ABOT,ACPL,ADMM,AGIL,AGTL
01/01/2015,-0.013902456,0.050010328,0.009141531,0.001501126,-0.0058
01/02/2015,0.033033893,0.027778832,0.011768713,0.032827307,-0.0046
01/05/2015,-0.009752136,0.002904209,-0.031202822,0.044773379,-0.0051
01/06/2015,-0.023323698,-0.003493882,0.006420524,0.047702844,0.0487
01/07/2015,0.001901806,0.02408548,-0.012817152,0.001300845,0.0487
01/08/2015,-0.002197582,-0.021759765,-0.015774262,0,-0.0135
01/09/2015,-0.010445067,-0.004688972,0.010353228,0.00531407,-0.022
01/12/2015,0.026033092,-0.012915865,-0.007471945,-0.00528598,-0.0136
13/01/2015,-0.010247137,0.003606488,0.002803924,-0.003992011,-0.0253
14/01/2015,0.013591536,0.003004505,0.001901806,0.015823893,0.0164
15/01/2015,-0.013507938,-0.013606582,0.023368871,0.016941914,-0.0024
16/01/2015,-0.003792789,0.003004505,0.008233712,0.010858531,-0.0131
19/01/2015,-0.008067283,0.020915731,0.005414606,0,0.0152
20/01/2015,-0.010346107,-0.002895799,-0.00905872,-0.016462979,0.002
21/01/2015,-0.001099395,0.008838834,-0.008166472,0.045086858,0.0237
22/01/2015,-0.022542044,-0.007571193,-0.011928287,-0.034491139,-0.0056
23/01/2015,-0.012520952,0.003506132,0.006521171,0.020405401,-0.0149
26/01/2015,0.008737955,0.00120072,-0.009256889,-0.022542044,0.0093
27/01/2015,0.040810774,0.00060018,-0.013014568,-0.001299155,0.0048
28/01/2015,-0.02097686,-0.002297357,-0.006578268,-0.01852624,-0.0133
29/01/2015,0.02716235,0.011667541,-0.010445067,0.005917439,0.0036
30/01/2015,0.027676059,0.006319887,-0.017249494,0.001901806,0.0012
02/02/2015,-0.008364819,-0.006280197,0.023471213,-0.012323437,0.0068
02/03/2015,-0.004987521,-0.012125882,-0.019997347,0.001300845,0.0107
02/04/2015,-0.020878952,-0.002297357,-0.001898196,-0.005882629,0.0486
02/06/2015,-0.016954625,0.022346014,-0.01852624,-0.005882629,-0.0087
02/09/2015,0.005816853,-0.002297357,-0.008959621,-0.003294561,-0.0065
02/10/2015,0.006823172,-0.010346107,0.019079736,0,-0.0008
02/11/2015,-0.017151214,-0.005783212,0,-0.020585172,-0.0038
02/12/2015,-0.010741889,-0.036323865,-0.021661936,0.039354659,-0.0202
13/02/2015,-0.008761393,0.029115813,-0.002995504,-0.008463977,-0.051
16/02/2015,0.006118643,-0.013606582,0.023164218,-0.009256889,0.0062
17/02/2015,-0.00019998,-0.00119928,0.002002001,-0.001998001,0.0012
18/02/2015,0.002803924,-0.003593528,-0.018722515,-0.009355958,-0.0062
19/02/2015,-0.013507938,-0.003593528,-0.00905872,0.022857315,0.007
20/02/2015,-0.0009995,-0.018133572,-0.011137514,0.021017828,-0.009
23/02/2015,-0.010544018,0.00732671,-0.007174142,-0.013507938,-0.0041
24/02/2015,-0.016757996,-0.011631821,-0.01547895,-0.020878952,-0.0121
25/02/2015,0,-0.014198241,-0.017838968,0.011971087,-0.0008
26/02/2015,-0.001498876,0.010656379,0.004309258,0,-0.0101
27/02/2015,-0.00618082,-0.009950166,0.00531407,0,-0.0098
03/02/2015,-0.018722515,-0.013113262,-0.007372687,0,-0.0103
03/03/2015,-0.021857584,-0.01331062,-0.007471945,-0.041513691,-0.0078
03/04/2015,-0.0438113,-0.007074855,-0.012817152,-0.004091606,0.0182
03/05/2015,-0.05000637,0.018162976,-0.031493418,0,0
03/06/2015,-0.036901897,0.005113027,-0.016856315,-0.002097797,-0.0021
03/09/2015,-0.04208861,-0.020878952,-0.017151214,0.00140098,-0.0143
03/10/2015,-0.024104726,-0.025859758,-0.022053193,-0.00139902,-0.0287
03/11/2015,-0.004589436,0.01389566,-0.004788498,0.024187894,-0.0067
03/12/2015,0.01999732,0.012375956,0.023880684,0.031072992,0.0179
13/03/2015,-0.00019998,0.021324179,0.004610596,0,0.0275
16/03/2015,0.008233712,0,-0.035938317,0,-0.0078
17/03/2015,0.009040622,0.001300845,-0.00119928,-0.005882629,-0.0092
18/03/2015,-0.014296816,-0.032848378,-0.022835238,0,-0.004
19/03/2015,0,0.000700245,-0.007372687,0.020405401,0.0004
20/03/2015,0.012780987,0.005917439,0.049590408,0,0.0114
24/03/2015,-0.035359707,-0.005186503,-0.005882629,-0.019997347,-0.0153
25/03/2015,0.027470545,-0.000699755,-0.019016854,-0.000699755,0
26/03/2015,-0.026346706,-0.016364621,-0.003593528,-0.015774262,-0.0201
27/03/2015,-0.003294561,-0.009950166,-0.046198786,0.016027078,-0.0348
30/03/2015,-0.049150991,-0.0435244,-0.049721329,-0.050101365,-0.0512
31/03/2015,0.050115334,0.049800347,0.046969709,-0.00905872,0.0395
04/01/2015,0.049905332,0.025417657,-0.003892405,0,-0.0114
04/02/2015,0.033137202,0.033240521,0.042477404,0,0.0489
04/03/2015,0.014605635,0.00692386,0.0296305,0,0.0335
04/06/2015,0.005515153,0.02623832,0.027573297,0,0.043
04/07/2015,-0.009455018,0.005515153,0.002302647,-0.024495006,-0.0119
04/08/2015,0.004108416,-0.00059982,0.011667541,0.032311022,0.0177
04/09/2015,-0.004290768,0.016941914,-0.021857584,0.009040622,-0.0008
04/10/2015,0.00833454,0.050115334,0,0.014504179,0.0079
13/04/2015,0.017552262,0.013591536,-0.050576196,0,0.0157
14/04/2015,-0.007769659,-0.023030651,0.045818675,-0.005385446,-0.0752
15/04/2015,-0.004788498,-0.032171135,-0.013014568,0.024597651,0.0537
16/04/2015,-0.011236395,-0.018329925,0.031176105,-0.01803538,-0.0092
17/04/2015,-0.00119928,-0.00119928,0.005816853,0,0.049
20/04/2015,-0.004290768,0.00120072,-0.030136559,0.003405787,0.0486
21/04/2015,0.003706853,0,0.034584607,-0.012125882,-0.0077
22/04/2015,0.025007572,0.024802591,-0.04724739,0.026033092,0.0214
23/04/2015,-0.005186503,-0.017642516,-0.004888015,0,-0.0175
24/04/2015,-0.022737516,-0.002995504,0.025520204,0.026648897,-0.0042
27/04/2015,-0.005683786,0.008435379,-0.014198241,0.050010328,-0.0148
28/04/2015,0.00120072,-0.013705217,-0.012027089,0.050115334,-0.0118
29/04/2015,0.015823893,0.003004505,0.004912025,-0.028292067,-0.0132
30/04/2015,0.010454268,-0.00119928,0.007225982,-0.006081433,0.0092
05/04/2015,0.034584607,0.019283572,-0.005982036,-0.006677605,0.0079
05/05/2015,0.037278027,0.017755793,-0.010939721,-0.009851156,0.0157
05/06/2015,0.048436493,0,-0.004888015,0,0.0489
05/07/2015,-0.022737516,0.012173501,0.030763717,-0.008067283,0.0202
05/08/2015,-0.007968085,-0.023030651,-0.011928287,0.005615709,0.0054
05/11/2015,0.001100605,-0.011730653,0,-0.028000511,-0.0175
05/12/2015,0.019793341,-0.022639785,0,0.023061907,0.0487
13/05/2015,0.00140098,-0.00119928,-0.035070271,0.013084867,-0.0316
14/05/2015,-0.002895799,0.00120072,-0.016266252,0,-0.0076
15/05/2015,-0.003394227,-0.048770575,0.039458599,0,-0.0088
18/05/2015,0,-0.002596623,-0.01587268,-0.029651506,-0.0114
19/05/2015,0.01643357,-0.005783212,-0.01488806,0.012072289,-0.0101
20/05/2015,0,-0.012915865,0,0.00692386,0.0045
21/05/2015,0.002302647,0,0.011364086,0,-0.0185
22/05/2015,-0.002297357,0,0,0.028704249,-0.0258
25/05/2015,0,0.024187894,-0.00119928,-0.010939721,0.0139
26/05/2015,-0.007968085,0.010252197,0,-0.002496878,-0.0112
27/05/2015,-0.004987521,0.005716276,0.003706853,0.011060722,0.0177
28/05/2015,-0.009851156,0,0.016230303,0.004912025,-0.0046
29/05/2015,-0.00039992,-0.020095342,-0.018428088,-0.010247137,0.0472
06/01/2015,0.001300845,0.014808576,0.005012521,0.002402882,0.0331
06/02/2015,0.005816853,0.002503128,0.009949167,-0.0030952,0.0141
06/03/2015,0,-0.006975557,-0.00618082,-0.011631821,0.0404
06/04/2015,0.009949167,0.010151177,-0.003693163,0,-0.002
06/05/2015,-0.016757996,-0.005683786,0.003706853,-0.00119928,0.0157
06/08/2015,0.021426316,0.04738858,-0.00119928,0.013591536,0.0248
06/09/2015,-0.025275098,-0.010247137,-0.003693163,-0.014099656,-0.0016
06/10/2015,0.027573297,-0.009157809,-0.004987521,-0.001898196,-0.0226
06/11/2015,0.008536228,-0.007372687,-0.039978885,0.003706853,0.0235
06/12/2015,-0.005584349,0.011768713,0.026033092,0.012375956,0.0485
15/06/2015,-0.002297357,0.002402882,0.001300845,0.034274278,0.0489
16/06/2015,0,-0.015282026,-0.005087017,0.003506132,0.0489
17/06/2015,0.00020002,-0.019899342,-0.003792789,-0.024202311,-0.0223
18/06/2015,0.013997054,0.007628953,-0.006379564,-0.001798381,0.0031
19/06/2015,-0.01084081,0.001300845,-0.012915865,-0.005484903,-0.0175
22/06/2015,0.012679714,-0.011928287,0.023471213,-0.004290768,-0.0205
23/06/2015,-0.014001061,-0.00448989,0.006319887,-0.001798381,0.0138
24/06/2015,0.013997054,0.008939723,-0.020291304,0,-0.0026
25/06/2015,0.006420524,-0.004390334,-0.020683109,0.00060018,-0.0129
26/06/2015,0.002803924,-0.001898196,-0.001299155,0,-0.0164
29/06/2015,-0.006081433,-0.006379564,0,0.013490182,0.0078
30/06/2015,0.047702844,0.011566379,-0.013211946,0.002402882,0.0003
07/01/2015,0.013794275,0.005716276,0.013388838,-0.004788498,-0.0003
07/02/2015,0.036344896,0.001300845,0,0,0.0154
07/03/2015,0.000300045,0.050325378,-0.011928287,0,-0.0083
07/06/2015,0.010151177,0.049695372,-0.012027089,-0.001798381,-0.0086
07/07/2015,0.007225982,0.007427448,0.012173501,-0.018820638,0.0018
07/08/2015,0.001601281,0,-0.012027089,0.012375956,-0.0126
07/09/2015,-0.006478921,-0.01587268,-0.008166472,-0.013409284,-0.0082
07/10/2015,-0.000499875,0.002302647,0.008233712,-0.005584349,0
13/07/2015,-0.026249336,0.029836447,-0.00139902,0.027984408,0.0327
14/07/2015,-0.005087017,-0.002796084,-0.01084081,0,-0.0333
15/07/2015,0.032620762,-0.018428088,0.024700116,-0.0272226,0.0021
16/07/2015,0.00020002,0.001100605,-0.012027089,0.027367803,0.0088
22/07/2015,-0.017052924,-0.00687625,0.017552262,-0.004888015,-0.006
23/07/2015,0.010151177,-0.008563126,-0.007968085,0.005515153,-0.0043
24/07/2015,-0.005683786,-0.010445067,-0.008067283,0.010858531,0.0046
27/07/2015,-0.022737516,-0.023323698,-0.005385446,-0.033525148,-0.0046
28/07/2015,-0.00727342,0.00120072,0.009545268,0.002503128,0.0024
29/07/2015,0.00732671,-0.01488806,-0.009455018,0.00621926,0.013
30/07/2015,0,0.012780987,-0.002696358,0.013490182,0.0063
31/07/2015,-0.00727342,-0.00119928,0.006823172,0.004811538,0.0403
08/03/2015,0,-0.012027089,0,-0.00059982,0.0481
08/04/2015,0,0.009747197,-0.00139902,-0.016856315,-0.0146
08/05/2015,0.017450512,0,0.013591536,0.002503128,0.0399
08/06/2015,0.019589403,-0.004788498,-0.001299155,0.00060018,0.0124
08/07/2015,0.024187894,-0.00119928,0.001300845,0.020813645,-0.0146
08/10/2015,-0.017151214,-0.001798381,-0.008067283,0.049695372,-0.007
08/11/2015,-0.00019998,0.023573566,0.005414606,0.01999732,-0.0057
08/12/2015,-0.025470024,-0.017151214,-0.009355958,-0.010049166,-0.0122
13/08/2015,0.004610596,-0.00727342,0,0.015214581,0.0057
17/08/2015,0.027059639,-0.005484903,0.005414606,-0.010049166,-0.009
18/08/2015,0.009040622,-0.010346107,-0.012125882,0.006722495,0.0033
19/08/2015,-0.021368391,0.010454268,0.002703648,-0.004987521,-0.0038
20/08/2015,-0.008761393,-0.00059982,-0.008166472,0.026340948,0.0019
21/08/2015,-0.03757583,-0.009752136,0,-0.024592552,0
24/08/2015,-0.048294842,-0.027708867,-0.050671133,-0.049911366,-0.0252
25/08/2015,0.050010328,0.027265071,0.007225982,-0.022444294,-0.0629
26/08/2015,0.024392752,-0.011730653,0.032930595,-0.00727342,0.0654
27/08/2015,-0.002097797,0.010656379,-0.013902456,-0.004888015,0.0125
28/08/2015,0.01887594,0.024700116,0,0.004912025,0.0091
31/08/2015,-0.007174142,0.003004505,-0.008463977,-0.010346107,-0.0055
09/01/2015,0,-0.004788498,0.011364086,-0.027611633,-0.0356
09/02/2015,0.007830499,0.004811538,0.008435379,-0.002496878,0.0071
09/03/2015,-0.002995504,0.004811538,-0.002796084,-0.003792789,-0.0302
09/04/2015,0.002703648,-0.017347764,0.00833454,-0.019703302,0.0283
09/07/2015,0.007125265,-0.010346107,-0.049816353,-0.008463977,-0.043
09/08/2015,-0.008463977,0.008032086,0,-0.005882629,-0.0301
09/09/2015,0.005816853,0.004912025,0.020405401,0,0.0134
09/10/2015,-0.002995504,0.010353228,0.007125265,0,-0.0079
09/11/2015,0,-0.068538108,0.019793341,0.010555318,-0.0034
14/09/2015,-0.028972024,0.043207394,0.012477199,-0.011038622,-0.02
15/09/2015,-0.023909528,-0.006776932,-0.017838968,-0.009851156,-0.0138
16/09/2015,0.010656379,0.00621926,0.018162976,0.004008011,0.016
17/09/2015,-0.018133572,-0.009256889,-0.00139902,0.01389566,0.009
18/09/2015,0,0.005012521,-0.015085063,-0.004589436,-0.0237
21/09/2015,0,-0.008662265,-0.026541417,0.010555318,-0.0233
22/09/2015,0,0.007528195,0.044459994,0.005816853,-0.0019
23/09/2015,0.027778832,-0.013113262,-0.012323437,0.011667541,0.01
28/09/2015,0,-0.020781035,-0.01803538,-0.049816353,-0.009
29/09/2015,-0.011928287,-0.018722515,-0.005683786,0.051796863,-0.0026
30/09/2015,-0.009950166,0.007225982,0.017043613,0.01592548,-0.0026
10/01/2015,0.00080032,-0.007174142,0,0.022039356,-0.023
10/02/2015,0.003004505,-0.003294561,-0.026541417,0,0.001
10/05/2015,0,0.005917439,0.031588658,-0.021564097,0.0489
10/06/2015,0.006118643,0.002603383,-0.004191192,0.029527542,0.0436
10/07/2015,0.025520204,-0.002596623,0.013997054,-0.021368391,0.003
10/08/2015,0,0.026854247,-0.005484903,0.00120072,0.0039
10/09/2015,0,0.010858531,0.033240521,0.031794996,-0.0054
10/12/2015,-0.021759765,-0.012027089,0.004008011,-0.006677605,0.0486
13/10/2015,-0.0030952,-0.00826565,0.001300845,-0.003693163,-0.0215
14/10/2015,-0.007571193,0,-0.003992011,0.039042899,0
15/10/2015,0,0.001901806,-0.049626297,0.044042294,-0.0086
16/10/2015,0.027470545,-0.001898196,0.06908164,-0.034877266,-0.0252
19/10/2015,0.00020002,-0.005186503,0.017145322,-0.018624382,-0.0067
20/10/2015,0.021222052,0.010353228,-0.003892405,0.032724029,-0.0077
21/10/2015,0.008132894,0.010858531,-0.015577397,-0.013803841,-0.0112
22/10/2015,0.037693021,0.011364086,0.010555318,-0.00119928,0.0374
26/10/2015,-0.020683109,-0.019409169,-0.019605267,0.049695372,0.0487
27/10/2015,-0.011038622,-0.007670431,0,-0.021661936,0.0489
28/10/2015,-0.032945089,-0.005186503,-0.034684222,0.004008011,0.0027
29/10/2015,0.027059639,0.003205125,-0.004191192,0.006823172,-0.0187
30/10/2015,0.015316108,-0.003892405,0.00692386,0.005113027,0.0052
11/02/2015,0.000900405,0.002603383,-0.027611633,0.011161834,0.0019
11/03/2015,-0.00727342,0.005816853,0.015620748,-0.00059982,-0.0044
11/04/2015,0.000500125,0.003205125,-0.036323865,0.016636877,0.0025
11/05/2015,-0.004888015,0.002603383,0.010151177,0.004912025,0.0008
11/06/2015,-0.012224664,-0.00826565,-0.017249494,0.021119935,-0.003
11/09/2015,-0.008463977,-0.008364819,-0.010247137,0.001100605,0.0096
11/10/2015,-0.006578268,0.008435379,0.022141565,-0.022835238,-0.0047
11/11/2015,0.019385505,-0.018624382,0,0.005414606,-0.003
11/12/2015,0,0.013084867,-0.010148156,0.01999732,0.0039
13/11/2015,0,-0.003892405,0.024802591,-0.011631821,-0.0003
16/11/2015,-0.017642516,-0.00905872,-0.008563126,-0.008067283,-0.0039
17/11/2015,0,0.007225982,0.010050167,0.009141531,-0.0036
18/11/2015,0.011768713,0.005816853,0.004309258,0.001100605,-0.0103
19/11/2015,0,-0.011038622,0.005615709,0.034170856,-0.0053
20/11/2015,0,0,-0.014099656,-0.006677605,0.0084
23/11/2015,0.008737955,-0.000699755,0,0.018774057,0.0094
24/11/2015,-0.020585172,-0.002596623,0.034274278,0.010252197,-0.0086
25/11/2015,-0.002696358,-0.008563126,-0.023421361,-0.002496878,-0.0933
26/11/2015,-0.01331062,-0.01518355,0.014098459,0.016230303,0.0512
27/11/2015,0,-0.001299155,-0.050101365,-0.005484903,-0.0211
30/11/2015,-0.037864514,-0.006776932,0.011768713,-0.015577397,-0.043
12/01/2015,-0.015380493,-0.011532979,-0.026054566,-0.046866213,0.0049
12/02/2015,0,0.008233712,0.026751567,0.019793341,0.0092
12/03/2015,0,0.005414606,-0.023226025,-0.029360358,0.0256
12/04/2015,0,0.002002001,0.025212594,0.000500125,-0.003
12/07/2015,0.025417657,0.008737955,-0.014493937,0.014605635,0.0157
12/08/2015,-0.002995504,0.011364086,-0.001498876,-0.002696358,-0.0142
12/09/2015,0.020813645,0.001300845,0,0.032001376,0.0039
12/10/2015,0.012983564,0.017145322,0.013186181,0.005213543,-0.0468
12/11/2015,-0.002995504,-0.029845556,0,-0.004589436,0.0059
14/12/2015,-0.024104726,-0.004688972,-0.026151956,-0.012915865,-0.0084
15/12/2015,0.015620748,0.004711062,-0.029845556,-0.009950166,0.0222
16/12/2015,0.005816853,0.00531407,0,0.003706853,-0.0034
17/12/2015,-0.012027089,-0.000699755,0.032207797,0.004711062,-0.0025
18/12/2015,-0.012520952,-0.016659667,-0.00448989,-0.008860512,-0.0052
21/12/2015,0,-0.021661936,0,-0.001099395,-0.0155
22/12/2015,-0.022150983,0.000700245,0,0,0.0103
23/12/2015,0.020507446,-0.010346107,-0.001498876,0,-0.009
28/12/2015,-0.00019998,0.005615709,-0.023909528,0.014808576,0.0127
29/12/2015,-0.018231753,0.011161834,-0.021466249,0,-0.0093
30/12/2015,-0.004091606,0.002703648,-0.007868877,0,-0.0003
31/12/2015,0.006420524,0.010959621,0,0.009949167,0.0068
01/01/2016,0,0.039354659,0.007931287,0,0
01/04/2016,-0.001498876,-0.014395381,0,-0.009851156,0.0166
01/05/2016,0.000900405,0.017857573,0,-0.004688972,-0.012
01/06/2016,0.025520204,0.003205125,0,-0.014691018,0.0183
01/07/2016,0.010555318,-0.007174142,0,0,0.0057
01/08/2016,-0.017642516,-0.006578268,0,-0.004788498,-0.0024
01/11/2016,-0.01331062,-0.009256889,-0.047056821,0,-0.0238
01/12/2016,-0.0272226,0.004008011,-0.039498754,0,-0.0022
13/01/2016,0.017654022,0.00924245,0.034274278,-0.004290768,0.0022
14/01/2016,-0.049721329,-0.034684222,-0.051335431,0.004309258,-0.0288
15/01/2016,-0.009256889,-0.002696358,-0.04715211,0,-0.0183
18/01/2016,-0.015282026,-0.025859758,0.001801621,0,-0.0303
19/01/2016,0.002402882,0.030763717,0.031072992,0.022959606,0.0077
20/01/2016,0.023471213,0.000700245,0,-0.022444294,-0.0003
21/01/2016,0.009646228,0.013591536,0,0.004811538,0.005
22/01/2016,0.006621828,0.000700245,-0.007074855,0.050010328,-0.0043
25/01/2016,0.019691367,-0.008662265,0.028601384,0.009141531,-0.0046
26/01/2016,0,0.005414606,0.012173501,0,-0.0168
27/01/2016,-0.027903306,-0.002696358,-0.003394227,-0.015085063,0.0051
28/01/2016,0.008838834,0.002002001,0.005213543,0.0010005,0.005
29/01/2016,0,0.007427448,0.025725329,-0.005584349,-0.0027
02/01/2016,0.036863198,0.029321657,0.02173279,0.002603383,-0.0027
02/02/2016,-0.003992011,0.033653899,0.032724029,0.00310481,0.003
02/03/2016,0.017654022,-0.008166472,0.014199874,0.023880684,0.0153
02/04/2016,0.042060497,0.002503128,-0.009355958,-0.002496878,0.0003
02/08/2016,0.019589403,0.009444319,0,-0.002496878,0.0446
02/09/2016,-0.012619695,-0.014296816,-0.011038622,-0.026444067,0.0132
02/10/2016,-0.018722515,-0.033525148,-0.007968085,-0.014395381,-0.0314
02/11/2016,-0.023519014,-0.011137514,0.016027078,-0.001598721,-0.0126
02/12/2016,0.012679714,-0.027125317,0,-0.023519014,0.0203
15/02/2016,0.003506132,0.012274724,-0.007868877,0.02408548,0.0105
16/02/2016,0.008536228,-0.016167874,0,-0.015085063,-0.0038
17/02/2016,0.006823172,0.00140098,-0.007968085,0.010555318,-0.008
18/02/2016,-0.007868877,-0.019114947,-0.030524427,-0.02566491,-0.01
19/02/2016,0.006621828,-0.022932949,-0.00826565,-0.009157809,-0.0081
22/02/2016,-0.021368391,0.004309258,-0.025080134,-0.020095342,-0.0072
23/02/2016,0,0.006420524,0,0.005012521,-0.0149
24/02/2016,0.020711568,-0.024690088,0.015417644,-0.004987521,0.007
25/02/2016,-0.009752136,0,0.013490182,0.010555318,-0.0106
26/02/2016,-0.008959621,0.021630622,0,0,-0.0033
29/02/2016,-0.001698556,0.004208832,-0.003294561,0.025725329,-0.0074
03/01/2016,0,-0.007769659,0,0,0.001
03/02/2016,-0.014099656,0.02623832,0,0.015011558,0.0181
03/03/2016,-0.007471945,0.013084867,0,-0.030039568,0.0355
03/04/2016,0.008032086,0.025212594,0.00833454,0,0.0048
03/07/2016,0.006118643,0.049905332,0,-0.000499875,0.007
03/08/2016,0.006118643,0.008233712,0.028190026,-0.001099395,-0.007
03/09/2016,-0.010445067,0.049695372,-0.004788498,0.011971087,-0.007
03/10/2016,-0.00119928,0.021528464,-0.022639785,0,-0.0048
03/11/2016,0,-0.008761393,0,0.004811538,-0.0042
14/03/2016,0.010858531,0.003004505,0,-0.036901897,0.0013
15/03/2016,-0.019016854,0.032414259,0,0.025520204,-0.0127
16/03/2016,0.010858531,-0.026833411,0.049695372,0,0.0153
17/03/2016,0.010858531,0.004108416,-0.009455018,0,0.0074
18/03/2016,0.00080032,0.005816853,-0.015971088,0,0.0026
21/03/2016,0.013794275,-0.005186503,0.024290318,-0.038441622,-0.0022
22/03/2016,-0.028000511,0.005816853,0,-0.002297357,0.0076
24/03/2016,0.003907615,-0.005783212,0,-0.010741889,0.0038
25/03/2016,0,0.017552262,0.004711062,0,-0.0006
28/03/2016,0.004610596,0.003405787,-0.004688972,-0.013705217,0.0166
29/03/2016,0.011161834,0.006823172,0,0.002904209,0.0346
30/03/2016,0,0.00451014,0,0,0.0484
31/03/2016,0.013084867,0.012983564,0,-0.008662265,0.0288
04/01/2016,-0.002796084,0.0296305,0.030042435,0.019793341,-0.0291
04/04/2016,-0.005087017,0.011971087,0,0.001100605,0.0139
04/05/2016,0,0.037485503,0,-0.016561328,-0.0105
04/06/2016,-0.002995504,0.013388838,-0.015380493,0.016230303,-0.0006
04/07/2016,0.021324179,0.011768713,0,0,0.0218
04/08/2016,0.001501126,-0.001998001,-0.028000511,-0.027903306,-0.0112
04/11/2016,-0.014493937,-0.037383326,-0.02566491,-0.027611633,-0.0203
04/12/2016,0.000700245,0.023573566,0,0.01389566,-0.004
13/04/2016,-0.028292067,0.001501126,0,-0.006578268,-0.0827
14/04/2016,0.044773379,0.01999732,0.024700116,0.020915731,0.0631
15/04/2016,0,-0.019605267,0,0.004711062,0.0038
18/04/2016,0,-0.0030952,-0.008067283,0,0.007
19/04/2016,-0.01547895,-0.008166472,0.024290318,-0.006975557,0
20/04/2016,0.015519191,-0.00618082,0.012679714,0.002302647,-0.0129
21/04/2016,0.000300045,0.005716276,-0.014001061,0,-0.0012
22/04/2016,0.005414606,-0.014001061,-0.014198241,0.00060018,0.0395
25/04/2016,0.000500125,-0.00528598,0.049800347,-0.01587268,0.0361
26/04/2016,0.00924245,0.048017202,0.026033092,-0.009554067,0.0155
27/04/2016,0.007528195,-0.008563126,0.037278027,0.013794275,0.0057
28/04/2016,0.006018036,0.010656379,-0.050291326,0,0.0139
29/04/2016,0.002202422,-0.012027089,-0.04237594,-0.008860512,-0.0077
05/02/2016,0.009141531,0.013692901,0.011060722,0.008939723,0.0029
05/03/2016,-0.003593528,0.023573566,0.031279227,0.003606488,0.0061
05/04/2016,0.008939723,0.021528464,0.003004505,0.002402882,0.0055
05/05/2016,-0.00119928,0.011060722,-0.022639785,-0.022444294,-0.0037
05/06/2016,-0.004987521,0.002402882,0.018570323,0.014504179,0.0032
05/09/2016,0.020711568,-0.00139902,0.012173501,-0.002397122,0.0152
05/10/2016,-0.005783212,0.003305451,0.007528195,0.01075745,0.0052
05/11/2016,-0.008662265,-0.012323437,-0.043141733,0,0.0144
05/12/2016,-0.00079968,-0.018624382,0.02173279,0.00531407,-0.0036
13/05/2016,0.008233712,0.023880684,0.010656379,0,0.0026
16/05/2016,-0.005882629,-0.016659667,-0.043715676,0.050430416,-0.0003
17/05/2016,-0.001598721,-0.018428088,0.042477404,0.049695372,-0.0054
18/05/2016,0.020507446,-0.013803841,0.003004505,0.02921873,-0.0015
19/05/2016,-0.019997347,0.023471213,0.025622761,0.002102207,0
20/05/2016,-0.00019998,-0.005882629,0.041123064,-0.024787614,0.0155
23/05/2016,0.003004505,0.012274724,0.04226893,-0.025957167,-0.069
24/05/2016,-0.002596623,-0.012125882,0.025725329,0.003807229,0.044
25/05/2016,-0.000299955,0.001501126,-0.00528598,-0.003792789,0.0023
26/05/2016,0.000900405,-0.008364819,-0.025177621,-0.019016854,-0.0135
27/05/2016,0.003004505,0.007931287,0.006823172,0.008838834,-0.0029
30/05/2016,-0.012718428,-0.050101365,0.01887594,0.012072289,0.0154
31/05/2016,-0.020781035,0.015011558,0,-0.004290768,0.009
06/01/2016,-0.011730653,-0.0009995,0,0.013084867,0.0018
06/02/2016,0.020609502,0.021937157,-0.011928287,-0.019899342,-0.0023
06/03/2016,-0.004091606,-0.000499875,0,0.002202422,0.014
06/06/2016,0.017450512,-0.017937179,-0.012125882,-0.010346107,-0.0153
06/07/2016,0.008838834,0.017755793,0.005414606,-0.01547895,-0.0127
06/08/2016,-0.028000511,0.008536228,0,0,-0.0003
06/09/2016,0.00531407,-0.001498876,0,-0.039306635,-0.0123
06/10/2016,-0.013211946,0,0,-0.042663184,-0.0167
13/06/2016,0,-0.017838968,0,-0.002397122,0.0077
14/06/2016,0.006018036,-0.006081433,-0.039210561,-0.001798381,-0.0027
15/06/2016,0.007528195,0.017247042,0,0.036137648,0.0101
16/06/2016,0,0.005012521,0,0.014199874,-0.0066
17/06/2016,0.007931287,0.003506132,-0.042184396,0.022755034,0.0021
20/06/2016,0.020405401,0.010858531,0,0.003405787,0.0484
21/06/2016,-0.008662265,-0.005882629,-0.013211946,0.01592548,-0.0176
22/06/2016,0.007628953,0.003907615,0.007427448,0,-0.0103
23/06/2016,-0.006379564,0,0,-0.021857584,-0.0021
24/06/2016,0.012173501,-0.034877266,-0.044289274,0.013692901,-0.0168
27/06/2016,0.014199874,0.017247042,-0.029360358,0.003907615,-0.004
28/06/2016,0.019895326,0.011465228,0,-0.014099656,-0.0104
29/06/2016,0.029321657,0.022755034,0.034998523,0.044459994,0.0016
30/06/2016,0.030660645,0.013084867,0,0.009848177,-0.0005
07/04/2016,0.024700116,0.00621926,0.02921873,0.001601281,0.0115
07/11/2016,0.011262955,0.018977833,0,0.009747197,0.0005
07/12/2016,-0.014493937,0.020915731,0.014910062,-0.007968085,0.0231
13/07/2016,0.049905332,0.039666512,-0.017642516,-0.004888015,0.0003
14/07/2016,0.04133131,-0.021074757,0,0.007024557,0.0108
15/07/2016,-0.022150983,0.018366629,0.007528195,-0.001099395,-0.0124
18/07/2016,-0.015675835,0.012780987,0.005917439,0.005917439,0.0054
19/07/2016,-0.006677605,0.003004505,-0.020683109,-0.022444294,-0.0041
20/07/2016,-0.009851156,-0.011730653,0,-0.005484903,0.007
21/07/2016,0.029115813,0.002202422,0.021119935,0.018162976,0.0056
22/07/2016,-0.004788498,-0.010049166,-0.020683109,0.004912025,-0.0134
25/07/2016,-0.005882629,0.023368871,0.024187894,-0.014001061,-0.0008
26/07/2016,0.020711568,0.014199874,-0.001498876,0.028395684,-0.0042
27/07/2016,-0.01852624,-0.019997347,0,0.050430416,0.0029
28/07/2016,-0.015971088,-0.001698556,0,0.042894479,0.0057
29/07/2016,-0.024592552,0.023061907,0,-0.022737516,-0.0112
08/01/2016,0.010959621,0,0.035412606,-0.000499875,0.0109
08/02/2016,0.001501126,0.029321657,0.017145322,-0.013409284,-0.0008
08/03/2016,-0.0030952,-0.006975557,0.009848177,-0.00905872,-0.0003
08/04/2016,-0.00119928,-0.021172645,-0.00139902,0.006118643,0.0021
08/05/2016,-0.008662265,-0.022932949,0.040290499,-0.000499875,0.0003
08/08/2016,0.000100005,-0.007372687,0,-0.010049166,-0.0018
08/09/2016,0.012882271,0,0.014707101,0.016840224,-0.0054
08/10/2016,0.048751071,0.015316108,0,-0.005484903,0.0325
08/11/2016,-0.010346107,0.033653899,-0.02371429,0.018162976,-0.0411
08/12/2016,0,-0.007074855,0,-0.001498876,-0.0135
15/08/2016,-0.010939721,-0.001299155,0.040498578,-0.009455018,0
16/08/2016,0.007931287,-0.014296816,-0.010346107,0.005515153,-0.0027
17/08/2016,-0.009157809,-0.001299155,-0.028874917,-0.001998001,0.0053
18/08/2016,-0.009256889,-0.008166472,0.01075745,-0.015971088,0.0105
19/08/2016,-0.00618082,-0.000899595,0.013388838,0.007628953,-0.0068
22/08/2016,-0.001498876,-0.003892405,-0.038249291,-0.00905872,-0.009
23/08/2016,-0.004888015,0,0.01643357,0.009646228,-0.0061
24/08/2016,0.000500125,0,-0.016167874,0.016535218,-0.0003
25/08/2016,-0.008959621,-0.001299155,0.012375956,0.006420524,0.0072
26/08/2016,0.005816853,-0.006478921,-0.00139902,0.012780987,-0.0107
29/08/2016,0.000900405,0.010050167,0.002703648,0.049905332,0.0202
30/08/2016,0.01389566,-0.003892405,-0.013507938,0.049905332,0.0013
31/08/2016,-0.008761393,0.003004505,0,-0.005683786,0.0047
09/01/2016,0,-0.004788498,-0.020585172,0.050010328,0.0018
09/02/2016,-0.006280197,-0.019605267,-0.00139902,0.012173501,-0.0074
09/05/2016,-0.012718428,-0.018133572,-0.00139902,-0.008364819,-0.0026
09/06/2016,0.029733468,0.018468471,0,0.049590408,-0.0013
09/07/2016,0.008838834,0.00040008,-0.009851156,-0.004390334,-0.0173
09/08/2016,0,-0.011928287,0.02829285,0.010050167,-0.0003
09/09/2016,0.002503128,0.009444319,-0.013803841,0.007125265,0.0062
15/09/2016,-0.008761393,-0.0030952,0.018162976,-0.00079968,-0.0046
16/09/2016,0.013794275,-0.007571193,-0.00826565,0.016230303,0.0444
19/09/2016,0.048855951,0.003606488,0.013794275,0.013591536,-0.0023
20/09/2016,0.019079736,-0.003992011,-0.008166472,0.034895029,-0.0049
21/09/2016,-0.007372687,0.009848177,-0.00826565,-0.028583536,-0.0165
22/09/2016,-0.005982036,0.012882271,0.038835111,0.036241267,0.0071
23/09/2016,-0.030233541,-0.016659667,-0.049436203,0.047179124,0.0086
26/09/2016,0.012983564,0.019691367,-0.012619695,-0.002496878,0.018
27/09/2016,0,0,-0.004290768,0.017247042,-0.0051
28/09/2016,0,-0.016659667,0.01999732,0.004811538,-0.0062
29/09/2016,-0.017740747,-0.0030952,0.018162976,-0.028292067,-0.0182
30/09/2016,0.034584607,-0.014789544,0.015113065,-0.003194885,0.0143
10/03/2016,-0.014986567,0.030866798,0.005414606,0.048751071,0.0154
10/04/2016,-0.004788498,-0.015380493,0.039042899,-0.007174142,0.0453
10/05/2016,-0.001898196,-0.032171135,-0.002596623,0.037589257,0.0447
10/06/2016,-1.00E-04,0.00140098,-0.031202822,0.004912025,-0.0112
10/07/2016,-0.005882629,0.045191372,0.006722495,-0.001598721,-0.0137
10/10/2016,0,0.004409694,-0.002696358,0.0010005,0.0194
13/10/2016,-0.006478921,0.003907615,-0.012027089,0.019691367,-0.012
14/10/2016,-0.012520952,0.007024557,0.020303365,-0.028000511,0.0127
17/10/2016,-0.007372687,-0.006975557,-0.011928287,-0.009950166,-0.0047
18/10/2016,-0.005484903,-0.001798381,-0.044289274,-0.028777799,-0.0104
19/10/2016,0,0.004409694,-0.00139902,-0.022053193,0.0109
20/10/2016,-0.004290768,0.014808576,0.008435379,0.022550504,-0.0019
21/10/2016,0.01643357,0.002603383,-0.00139902,0.009949167,-0.0045
24/10/2016,-0.00618082,-0.008166472,-0.029360358,-0.028292067,-0.0021
25/10/2016,-0.004688972,0,0,-0.03197755,0.0183
26/10/2016,0,-0.000899595,-0.025859758,0.017755793,0.0014
27/10/2016,-0.003892405,-0.009554067,-0.016266252,0.016738546,-0.0145
28/10/2016,-0.00618082,-0.004390334,0,0.023778301,0.0024
31/10/2016,0.013186181,-0.003493882,0.011971087,-0.044862529,-0.0016
11/01/2016,0.010656379,0.029012907,0.016331931,0.037589257,0.0205
11/02/2016,0.017450512,0.013692901,-0.001498876,-0.005484903,0.0187
11/03/2016,0.006722495,-0.013902456,-0.013113262,-0.011434128,-0.0032
11/04/2016,0.023778301,0.014098459,0.001501126,-0.028777799,0.049
11/07/2016,-0.001099395,0.005515153,0.03841966,0.018468471,0.0487
11/08/2016,-0.004091606,0.009646228,-0.024202311,0.006722495,0.0488
11/09/2016,-0.004091606,-0.012520952,-0.03362179,0.011971087,0.0488
11/10/2016,0.024290318,0.014707101,0.049800347,0.012173501,0.0487
11/11/2016,0.013692901,0.002904209,0.007225982,0.000300045,0.0488
14/11/2016,0.025725329,-0.019899342,0.048541342,0.00924245,-0.0891
15/11/2016,-0.014789544,-0.004191192,-0.013606582,-0.009157809,-0.0466
16/11/2016,0.026956938,-0.017347764,0,-0.000699755,0.0903
17/11/2016,-0.013507938,0.033653899,0.00692386,0.000300045,0.0479
18/11/2016,-0.019703302,0.03334385,-0.012323437,-0.003792789,-0.0342
21/11/2016,-0.022542044,-0.00039992,0.030557585,-0.009653107,0.018
22/11/2016,0.00531407,0.019793341,-0.008067283,0.013997054,-0.0024
23/11/2016,0.042477404,0.049905332,-0.004091606,0.050220351,-0.0121
24/11/2016,0.010353228,0.049800347,0.009545268,0.035102028,0.0017
25/11/2016,-0.002995504,0.050010328,0.006722495,0.007628953,0
28/11/2016,-0.00618082,-0.05000637,-0.001299155,0.003405787,0.0201
29/11/2016,-0.007471945,0.006823172,0,0,0.0487
30/11/2016,-0.005385446,0.015722315,-0.006677605,-0.014986567,0.0488
12/01/2016,-0.015774262,-0.012323437,-0.02566491,0,-0.0504
12/02/2016,0.013186181,0.009949167,0.027778832,-0.021270523,-0.0507
12/05/2016,-0.011335266,0.006018036,0.005414606,0.00621926,-0.0105
12/06/2016,-0.003693163,0.049905332,-0.001299155,0.049695372,-0.0099
12/07/2016,0.014098459,0.023061907,0,0.006420524,0.0223
12/08/2016,0.038627365,-0.007868877,0.012072289,-0.021074757,0.0114
12/09/2016,0.016636877,0.010555318,0.004008011,0.011262955,-0.017
13/12/2016,0.02173279,-0.002895799,-0.011928287,0.00120072,-0.0199
14/12/2016,-0.006578268,-0.005882629,-0.001299155,0.014504179,0.0026
15/12/2016,0.008435379,-0.01084081,0.006722495,-0.000899595,-0.0469
16/12/2016,0.01887594,0,0,-0.002097797,-0.0114
19/12/2016,-0.006478921,0,0,-0.020389269,-0.0043
20/12/2016,-0.009256889,0,-0.025372566,0,-0.0101
21/12/2016,-0.021466249,-0.003294561,-0.013705217,0.00531407,-0.0121
22/12/2016,-0.003792789,-0.027028025,0,-0.005584349,-0.0122
23/12/2016,-0.007571193,-0.013409284,0,0.009646228,-0.0099
26/12/2016,0.001501126,0.012882271,0,0.013591536,0.028
27/12/2016,0.00531407,0,0,0.010353228,0.0011
28/12/2016,0.009040622,0.012679714,0,-0.002995504,-0.0143
29/12/2016,0.004309258,0.037589257,0,0.013287505,0.0057
30/12/2016,0.010151177,0.016027078,0,0.032517505,0.0011
01/02/2017,-0.007471945,-0.012224664,0,0.010353228,-0.0011
01/03/2017,-0.009554067,0.023778301,-0.008364819,-0.004589436,-0.0038
01/04/2017,-0.012619695,0.0010005,0.00140098,-0.013803841,-0.0054
01/05/2017,-0.009256889,-0.006975557,0.032104581,-0.000299955,-0.006
01/06/2017,0.011971087,0.00451014,0.00140098,-0.014001061,-0.0043
01/09/2017,-0.014099656,-0.011137514,0.005414606,0,0.0025
01/10/2017,-0.000299955,0.02829285,0.008032086,-0.005584349,-0.0002
01/11/2017,0.013287505,-0.003394227,0.04938051,-0.001498876,0.0488
01/12/2017,0.010555318,0.008838834,0.005113027,-0.00448989,-0.013
13/01/2017,-0.003792789,-0.01803538,-0.029069122,-0.005683786,0.013
16/01/2017,0.037796795,-0.004091606,-0.015577397,-0.036323865,-0.0009
17/01/2017,-0.015675835,-0.012718428,0.022448254,-0.048580311,-0.0106
18/01/2017,0.019283572,0.017755793,0.031072992,0.022550504,0.0021
19/01/2017,0.050010328,0.026648897,-0.038922281,-0.006379564,0.0175
20/01/2017,0.035723276,0.000300045,-0.007868877,-0.007372687,0.0169
23/01/2017,0.042060497,0.013591536,0.028910011,0.000300045,-0.0092
24/01/2017,0.013490182,0.012477199,0,-0.005186503,-0.0106
25/01/2017,-0.007471945,0.015316108,0.023061907,0.001300845,0.0038
26/01/2017,-0.024397451,0.026340948,0.048751071,0.009747197,0.0049
27/01/2017,0.006018036,-0.030330512,0.047702844,0.007125265,-0.0169
30/01/2017,-0.048294842,-0.008364819,-0.029554466,-0.021172645,-0.0299
31/01/2017,-0.034684222,-0.028486389,-0.028097706,0.002603383,-0.0181
02/01/2017,0.015519191,-0.016364621,0.012072289,0.026443588,0.0359
02/02/2017,0.021937157,0.050220351,0.00120072,-0.017544275,0.0488
02/03/2017,-0.008662265,0.000300045,-0.039306635,-0.018133572,0.0012
02/06/2017,-0.01803538,-0.009554067,0.016128685,-0.000699755,0
02/07/2017,0.050010328,0.000900405,0.014605635,-0.013902456,-0.012
02/08/2017,-0.024982637,0.003004505,-0.034877266,-0.013014568,-0.0136
02/09/2017,-0.011730653,-0.018918751,0.012477199,-0.002696358,-0.0038
02/10/2017,-0.013606582,-0.008563126,-0.012323437,0.020405401,-0.009
13/02/2017,0.011667541,0.006823172,0.00120072,-0.025957167,0.0076
14/02/2017,-0.008662265,-0.011038622,-0.004987521,-0.006478921,-0.0214
15/02/2017,-0.026638758,0,-0.004987521,-0.000299955,-0.0184
16/02/2017,0.010858531,0.039770484,0,-0.000299955,0.0144
17/02/2017,-0.007174142,0,0.040186475,0.000300045,-0.0095
20/02/2017,0.010959621,-0.016167874,-0.012125882,-0.026151956,-0.0117
21/02/2017,-0.002397122,-0.000299955,0,-0.017347764,-0.0128
22/02/2017,-0.009752136,-0.002995504,-0.034201443,-0.006478921,-0.0257
23/02/2017,0.001501126,0,-0.049341142,-0.049246071,-0.0086
24/02/2017,-0.001099395,0.021937157,-0.050576196,0.047598079,-0.0148
27/02/2017,-0.012915865,0,0.016840224,-0.0316871,-0.0072
28/02/2017,0.028087212,-0.007471945,0.009646228,0.008233712,0.019
03/01/2017,-0.004987521,-0.002696358,-0.008166472,0.013794275,0.042
03/02/2017,0.013794275,0.002703648,0.020711568,0.009949167,0.0296
03/03/2017,-0.017052924,0.013794275,-0.008067283,0.021426316,0.0168
03/06/2017,0.004610596,-0.013606582,-0.034008264,0.046655665,-0.0181
03/07/2017,-0.004788498,-0.039018384,0.014098459,-0.019409169,0.0092
03/08/2017,-0.00019998,0,0.050010328,-0.000699755,0.0028
03/09/2017,-0.000499875,-0.003394227,0.050220351,-0.008364819,-0.0133
03/10/2017,-0.008761393,-0.035456166,0.049170655,-0.008067283,-0.017
13/03/2017,-0.005982036,-0.03246144,0.050430416,-0.004191192,-0.0064
14/03/2017,-0.030524427,-0.005385446,0.050325378,-0.012027089,-0.0304
15/03/2017,0.0010005,0.012173501,0.001100605,-0.000699755,-0.0134
16/03/2017,-0.011829475,0.015316108,-0.009752136,-0.006081433,-0.0026
17/03/2017,0.011364086,0.009545268,0.050535464,0.005816853,0.0091
20/03/2017,0.001901806,0.008838834,0.009444319,-0.007174142,0.0232
21/03/2017,0.010555318,0.015214581,-0.00826565,0.007225982,0.0049
22/03/2017,-0.002097797,0.003205125,-0.028194891,0,0.0195
24/03/2017,-0.005484903,0.010454268,0,0.003606488,0.0144
27/03/2017,-0.004788498,-0.010642959,-0.028972024,0.027881615,-0.0141
28/03/2017,-0.008067283,0,-0.023226025,-0.006578268,-0.0027
29/03/2017,-0.000299955,-0.017446025,-0.019213031,-0.006975557,0.0092
30/03/2017,-0.007868877,-0.003194885,-0.012718428,-0.006379564,-0.0221
31/03/2017,0.004811538,0.018162976,0.035102028,0.000700245,0.0087
04/03/2017,0.00060018,0,-0.001099395,0.009949167,0.0333
04/04/2017,-0.010642959,0,0,-0.002796084,-0.0082
04/05/2017,0.01075745,-0.014001061,-0.01587268,-0.00139902,-0.0148
04/06/2017,0.021222052,-0.002297357,-0.043715676,-0.016561328,-0.0146
04/07/2017,-0.020291304,0.001300845,0.045714099,0.009646228,0.0312
04/10/2017,0.030660645,0,-0.011532979,-0.001798381,0.0032
04/11/2017,0.031485504,0.003205125,-0.02673609,0.019283572,-0.0013
04/12/2017,0.012375956,0,-0.044193699,0.026956938,0.0114
13/04/2017,-0.018231753,0,0.028704249,-0.0030952,-0.0097
14/04/2017,0.007225982,0.005816853,0,-0.014986567,0.0054
17/04/2017,-0.025859758,-0.008662265,0,-0.02673609,-0.0377
18/04/2017,-0.005186503,0.021017828,0,-0.026346706,-0.0134
19/04/2017,-0.009355958,0,0,0.014301299,0.0344
20/04/2017,0.014808576,0.043937895,0.018264798,0.038627365,0.0197
21/04/2017,0.047283847,0,-0.022639785,0.026751567,0.0357
24/04/2017,-0.009752136,-0.027806091,0.012173501,0.050010328,0.0489
25/04/2017,-0.015282026,0.008132894,-0.01084081,0.049905332,0.0174
26/04/2017,-0.012224664,0,0.050010328,0.050010328,0.0487
27/04/2017,-0.003394227,-0.014198241,-0.024397451,0.049905332,0.0194
28/04/2017,0.006823172,0,0.02623832,0.049485454,0.0473
05/02/2017,-0.034201443,-0.014395381,0,-0.040074882,-0.0467
05/03/2017,-0.008364819,-0.011730653,-0.049911366,0.013490182,-0.0496
05/04/2017,0.009747197,0.012578452,-0.030524427,-0.014691018,0.0061
05/05/2017,0,0.005113027,0.049170655,0.009646228,0.0213
05/08/2017,-0.016364621,0,0,-0.008761393,-0.0077
05/09/2017,0.004208832,-0.008860512,-0.002397122,0.011869895,-0.0039
05/10/2017,-0.004788498,-0.016856315,0,0,-0.0008
05/11/2017,0.006118643,0.004912025,0.022857315,0.050010328,0.0073
05/12/2017,0.013388838,-0.043906914,0,0.049905332,-0.0139
15/05/2017,-0.007670431,0.024597651,-0.049436203,0.048331654,-0.0156
16/05/2017,-0.001898196,-0.016167874,0,0.033550539,-0.0088
17/05/2017,-0.011335266,0.014402734,0.002503128,0.048017202,0.0632
18/05/2017,0.006319887,-0.006578268,0,-0.027514389,-0.0145
19/05/2017,-0.008563126,0.032930595,0.018468471,-0.006478921,-0.0072
23/05/2017,0.002803924,0.020303365,0.00120072,-0.016659667,0.0057
24/05/2017,0.007125265,-0.038441622,-0.00119928,-0.011236395,-0.0003
25/05/2017,0.015316108,-0.006280197,-0.006081433,-0.015774262,-0.0002
26/05/2017,0.0010005,-0.010247137,0,0,0.0332
29/05/2017,-0.011532979,0.005716276,0,0.050010328,0.0215
30/05/2017,0.011869895,0.00924245,0,0.00020002,-0.0283
31/05/2017,-0.016364621,-0.024299886,0,-0.017347764,0.0026
06/01/2017,-0.018722515,0.021834969,-0.045149027,-0.019703302,-0.0107
06/02/2017,-0.008662265,0.011869895,0.048541342,-0.016561328,-0.0041
06/05/2017,0.002603383,-0.011730653,0,0.027984408,0.0346
06/06/2017,0.019895326,0,-0.006081433,0.036241267,0.0346
06/07/2017,0.01643357,0.005917439,0.017145322,-0.021857584,0.0487
06/08/2017,0.020915731,0.012072289,-0.03613111,0,0.024
06/09/2017,0.026854247,0,0,0,-0.025
06/12/2017,-0.013705217,-0.033331833,0,-0.050101365,-0.0488
13/06/2017,0.00060018,-0.008662265,0,-0.0009995,-0.0225
14/06/2017,-0.032945089,-0.006379564,0,0,-0.0101
15/06/2017,-0.00727342,-0.009554067,0,-0.028292067,0.015
16/06/2017,0,0,0,0.045923262,-0.0102
19/06/2017,-0.014986567,0.031588658,0,-0.046675567,-0.0308
20/06/2017,0.001901806,-0.049911366,0,-0.05000637,-0.0514
21/06/2017,0.007830499,0.004208832,0,0.046655665,0.0178
22/06/2017,0.011566379,-0.009157809,0,0,0.0179
29/06/2017,0.000300045,-0.000499875,-0.041034328,0,-0.0314
30/06/2017,0.010656379,-0.014099656,0,0.049800347,0.0072
07/03/2017,-0.038249291,-0.049436203,0.016738546,-0.048390008,-0.039
07/04/2017,-0.000299955,-0.025177621,-0.05000637,-0.050101365,0.0368
07/05/2017,-0.017249494,-0.008860512,-0.04724739,-0.008662265,-0.02
07/06/2017,0.032827307,0.008939723,-0.008463977,0,-0.0226
07/07/2017,0,0.008838834,0.045714099,0,0.0057
07/10/2017,0.012477199,0.024802591,0.049170655,0.050010328,0.0328
07/11/2017,-0.036998202,-0.048104482,0.049485454,-0.05019635,-0.0513
07/12/2017,-0.022737516,0.032104581,0,0.031072992,0.0109
13/07/2017,0.004811538,-0.034877266,0,-0.032654929,-0.0138
14/07/2017,0,0,-0.019899342,-0.046008006,0.0038
17/07/2017,0.030660645,0,-0.037960722,0.018162976,-0.0095
18/07/2017,0.000100005,0.013388838,-0.015774262,0.04602786,0.0195
19/07/2017,0,-0.005783212,-0.040074882,0.022755034,-0.001
20/07/2017,0,-0.044480397,0.00140098,0,-0.0031
21/07/2017,0,0.00120072,-0.04724739,-0.007670431,0.0034
24/07/2017,0,0.003706853,0.021937157,0,0.0063
25/07/2017,-0.023421361,0.015011558,0.011465228,-0.01084081,0.0345
26/07/2017,-0.003294561,0.002002001,-0.007074855,0.018774057,-0.0101
27/07/2017,0.032517505,-0.005584349,0.009949167,-0.025080134,0.0023
28/07/2017,0.002603383,0.006420524,0.038004375,0.017043613,0.0416
31/07/2017,-0.012619695,-0.003593528,-0.002696358,0.020609502,0.0386
08/01/2017,-0.039114477,0.00080032,-0.013606582,0.00080032,0.0456
08/02/2017,0.020609502,0,0.013794275,0.031898181,-0.0186
08/03/2017,0.002904209,0,0.006823172,-0.007372687,-0.0107
08/04/2017,0.01389566,0.011566379,0,-0.012125882,0.0015
08/07/2017,-0.004688972,-0.044289274,0,-0.012224664,0.0049
08/08/2017,-0.017052924,-0.022346533,0,-0.012125882,-0.017
08/09/2017,0.001701446,0.006823172,-0.006776932,0,0.0166
08/10/2017,0,-0.029069122,-0.00139902,-0.022542044,-0.0048
08/11/2017,0,0.020405401,-0.002696358,0,0.0001
15/08/2017,-0.042280173,-0.049721329,0,-0.040842515,-0.0477
16/08/2017,0.011869895,0.012983564,0,0.013084867,-0.0124
17/08/2017,-0.032848378,-0.022542044,0,0,-0.028
18/08/2017,-0.044958038,-0.04781887,0.030042435,-0.023226025,-0.0016
21/08/2017,-0.003992011,-0.037479582,0,-0.047437922,-0.0513
22/08/2017,-0.037287059,-0.05019635,0,0.017959364,-0.0055
23/08/2017,0.013388838,0.00310481,-0.007968085,0.008536228,0.0198
24/08/2017,-0.000899595,-0.049626297,0.046760336,-0.008166472,-0.0255
25/08/2017,0.014808576,0.025007572,-0.003792789,0.027881615,0.0095
28/08/2017,0.010858531,-0.01331062,0,-0.050101365,0.0053
29/08/2017,-0.044671482,0.008032086,0,-0.049816353,-0.0141
30/08/2017,-0.026346706,0.00531407,0,-0.05000637,-0.0416
31/08/2017,0.043937895,0.01592548,0,0.005515153,0.0097
09/05/2017,0.042790195,-0.0030952,0,0.049800347,0.0011
09/06/2017,-0.0316871,-0.002596623,0,0,-0.0099
09/07/2017,-0.00119928,-0.028874917,0,-0.049816353,-0.0339
09/08/2017,0.030351494,0.012983564,-0.008959621,0,0.0048
09/11/2017,0.017145322,0.004309258,-0.050481248,0.036655846,-0.0178
09/12/2017,-0.005783212,-0.007471945,0,-0.029845556,-0.0346
13/09/2017,0.012983564,0.008032086,0,0.030763717,0.0178
14/09/2017,0.00531407,0.002703648,0,0,-0.0025
15/09/2017,0.018774057,-0.009554067,0,-0.008959621,-0.0114
18/09/2017,0,-0.010148156,0,-0.011928287,0.0006
19/09/2017,-0.02566491,-0.016757996,0,-0.015577397,0.0429
20/09/2017,0.007427448,0.023675928,-0.019114947,0.024187894,0.024
21/09/2017,-0.006280197,0.008032086,0.005515153,0,0.0134
22/09/2017,0,-0.006975557,0.012477199,0,0.005
25/09/2017,-0.030233541,0.000500125,0,0.006319887,0.0489
26/09/2017,0.016840224,0.001100605,0,0,0.0056
27/09/2017,-0.010544018,-0.018722515,0,-0.015577397,-0.0256
28/09/2017,0.004208832,0.019079736,0,0,-0.0035
29/09/2017,0.012882271,0.001100605,0,0,-0.0068
10/02/2017,-0.001299155,-0.003194885,0,0,0.004
10/03/2017,-0.002496878,-0.034877266,-0.005484903,-0.047628415,-0.026
10/04/2017,-0.020389269,-0.026151956,0,-0.016659667,-0.026
10/05/2017,-0.00826565,0.004008011,-0.012323437,0.033860651,-0.013
10/06/2017,0,0.050010328,0,-0.020683109,0.0265
10/09/2017,0,-0.005982036,-0.04724739,0,-0.0167
10/10/2017,-0.001299155,-0.024495006,0,0.049905332,-0.0138
10/11/2017,0.009747197,-0.003394227,0,0,0.0077
10/12/2017,-0.008067283,-0.002796084,0,0.007628953,0.0004
13/10/2017,0.008132894,-0.106223916,0,-0.047437922,-0.0017
16/10/2017,0,0.039042899,0.020405401,0,0.0464
17/10/2017,-0.019507223,0.092643511,-0.028583536,-0.036516581,-0.0143
18/10/2017,0,0.004409694,0,0,-0.0016
19/10/2017,0.031898181,0.015417644,0,0.042373162,0.0163
20/10/2017,0.008939723,-0.014691018,0,0.048646201,0.0171
23/10/2017,-0.014296816,-0.026444067,-0.076514333,0,-0.007
24/10/2017,0.017552262,-0.00618082,0,-0.022053193,0.0128
25/10/2017,-0.023421361,0.018264798,0,0,0.0249
26/10/2017,-0.028583536,0.007830499,0,-0.008067283,0.0395
27/10/2017,0.00040008,-0.008364819,0.04780762,-0.049721329,0.0276
30/10/2017,-0.004390334,-0.021857584,0,0.033550539,-0.0152
31/10/2017,-0.006081433,-0.017151214,0.033447189,-0.023226025,0.0011
11/01/2017,-0.012817152,0.030866798,0.027984408,0.016636877,0.0085
11/02/2017,0,0,-0.005683786,0.000300045,-0.0088
11/03/2017,-0.00139902,-0.00059982,0,0.030351494,0.0101
11/06/2017,0.013692901,-0.005087017,0,-0.000299955,-0.0118
11/07/2017,0,0.005716276,0,0.021017828,0.0021
11/09/2017,0,-0.002796084,0,-0.001598721,0.0145
11/10/2017,0.006722495,0.005615709,-0.00139902,0.0010005,-0.0064
13/11/2017,-0.006677605,0.04226893,0,0.049800347,0.0008
14/11/2017,-0.022932949,-0.048104482,0,0.022652764,0.0043
15/11/2017,0,0.006823172,0,0.007125265,0.0003
16/11/2017,0,-0.001698556,0,0.01999732,0.0022
17/11/2017,-0.02488513,-0.021466249,-0.005783212,-0.004888015,0.0151
20/11/2017,-0.031105938,-0.006975557,-0.00727342,-0.014493937,0.0073
21/11/2017,-0.002297357,-0.005186503,0.036448536,0,0.0167
22/11/2017,0.026956938,0.022755034,0,0.020507446,0.0481
23/11/2017,-0.012718428,-0.005683786,0,0,-0.0067
24/11/2017,-0.013014568,-0.010939721,0,0,-0.0335
27/11/2017,0.02623832,0.005816853,0,0,0.0002
28/11/2017,-0.021270523,0.004610596,0,-0.023030651,-0.0692
29/11/2017,0,0.00060018,-0.00139902,0,-0.0227
30/11/2017,-0.005584349,0.008637086,0,0,0.0005
12/04/2017,-0.001798381,0,0,-0.000299955,-0.0076
12/05/2017,0.007225982,0.014199874,0.035309069,0.001801621,0.0038
12/06/2017,-0.013113262,-0.032558189,0.049065744,0,0.0328
12/07/2017,-0.03091214,-0.041226102,0,-0.030815226,-0.0229
12/08/2017,-0.006081433,0.008435379,0,0,0.0186
12/11/2017,-0.023030651,-0.020389269,0,-0.044862529,-0.0328
12/12/2017,-0.034587686,-0.0435244,-0.049341142,-0.049816353,-0.0027
13/12/2017,0.001100605,-0.007670431,0,0.025007572,0.0013
14/12/2017,0.03138236,-0.020683109,0,0.017247042,-0.0072
15/12/2017,0.034584607,-0.009851156,0,0,0.0085
18/12/2017,0,0.029321657,0,-0.020193328,-0.0085
19/12/2017,0.002002001,-0.022639785,0,0.025827906,-0.0113
20/12/2017,0,0.025827906,0,0,-0.0026
21/12/2017,0.025520204,0.047179124,-0.004091606,0.003506132,0.0081
22/12/2017,0.030248464,0.049905332,0,0.050115334,0.0298
26/12/2017,0.040498578,0.043416056,0,-0.002397122,-0.0114
27/12/2017,-0.048485164,0.008435379,0,-0.029360358,0.0125
28/12/2017,0.017450512,0.032414259,0,0,0.0208
29/12/2017,-0.002696358,-0.021661936,0,-0.007174142,-0.0136
